openalex_id,display_name,normalized_name,include,level,wikidata_id,parent_display_names
https://openalex.org/c6303427,Economic history,economic history,N,1,https://www.wikidata.org/wiki/Q47398,"Economics, History"
https://openalex.org/c19417346,Pedagogy,pedagogy,N,1,https://www.wikidata.org/wiki/Q7922,"Psychology, Sociology"
https://openalex.org/c26271046,Economic geography,economic geography,Y,1,https://www.wikidata.org/wiki/Q187097,"Economics, Geography"
https://openalex.org/c2524010,Geometry,geometry,N,1,https://www.wikidata.org/wiki/Q8087,Mathematics
https://openalex.org/c3079626,Quantum electrodynamics,quantum electrodynamics,N,1,https://www.wikidata.org/wiki/Q234881,Physics
https://openalex.org/c46141821,Nuclear magnetic resonance,nuclear magnetic resonance,N,1,https://www.wikidata.org/wiki/Q209402,Physics
https://openalex.org/c61696701,Engineering physics,engineering physics,N,1,https://www.wikidata.org/wiki/Q770766,"Engineering, Physics"
https://openalex.org/c41895202,Linguistics,linguistics,N,1,https://www.wikidata.org/wiki/Q8162,Philosophy
https://openalex.org/c47768531,Development economics,development economics,Y,1,https://www.wikidata.org/wiki/Q1127188,Economics
https://openalex.org/c126348684,Polymer science,polymer science,N,1,https://www.wikidata.org/wiki/Q3456979,"Chemistry, Materials science"
https://openalex.org/c74909509,Gerontology,gerontology,N,1,https://www.wikidata.org/wiki/Q10387,Medicine
https://openalex.org/c165205528,Seismology,seismology,N,1,https://www.wikidata.org/wiki/Q83371,Geology
https://openalex.org/c107053488,Construction engineering,construction engineering,N,1,https://www.wikidata.org/wiki/Q2674423,Engineering
https://openalex.org/c121864883,Statistical physics,statistical physics,N,1,https://www.wikidata.org/wiki/Q677916,Physics
https://openalex.org/c169760540,Neuroscience,neuroscience,N,1,https://www.wikidata.org/wiki/Q207011,"Biology, Psychology"
https://openalex.org/c126322002,Internal medicine,internal medicine,N,1,https://www.wikidata.org/wiki/Q11180,Medicine
https://openalex.org/c195094911,Process management,process management,N,1,https://www.wikidata.org/wiki/Q14167904,"Business, Engineering"
https://openalex.org/c512399662,Family medicine,family medicine,N,1,https://www.wikidata.org/wiki/Q3505712,Medicine
https://openalex.org/c147597530,Computational chemistry,computational chemistry,N,1,https://www.wikidata.org/wiki/Q369472,Chemistry
https://openalex.org/c164705383,Cardiology,cardiology,N,1,https://www.wikidata.org/wiki/Q10379,Medicine
https://openalex.org/c166957645,Archaeology,archaeology,N,1,https://www.wikidata.org/wiki/Q23498,"Geography, History"
https://openalex.org/c171146098,Automotive engineering,automotive engineering,N,1,https://www.wikidata.org/wiki/Q124192,Engineering
https://openalex.org/c19165224,Anthropology,anthropology,N,1,https://www.wikidata.org/wiki/Q23404,Sociology
https://openalex.org/c29595303,Media studies,media studies,N,1,https://www.wikidata.org/wiki/Q165650,Sociology
https://openalex.org/c29694066,Orthodontics,orthodontics,N,1,https://www.wikidata.org/wiki/Q118301,Medicine
https://openalex.org/c33332235,Theoretical physics,theoretical physics,N,1,https://www.wikidata.org/wiki/Q18362,Physics
https://openalex.org/c54355233,Genetics,genetics,Y,1,https://www.wikidata.org/wiki/Q7162,Biology
https://openalex.org/c73484699,Criminology,criminology,N,1,https://www.wikidata.org/wiki/Q161733,"Psychology, Sociology"
https://openalex.org/c78519656,Mechanical engineering,mechanical engineering,N,1,https://www.wikidata.org/wiki/Q101333,Engineering
https://openalex.org/c112930515,Risk analysis (engineering),risk analysis,N,1,https://www.wikidata.org/wiki/Q4389547,"Business, Medicine"
https://openalex.org/c162118730,Actuarial science,actuarial science,N,1,https://www.wikidata.org/wiki/Q1128453,"Business, Economics"
https://openalex.org/c11413529,Algorithm,algorithm,N,1,https://www.wikidata.org/wiki/Q8366,"Computer science, Mathematics"
https://openalex.org/c12554922,Biophysics,biophysics,N,1,https://www.wikidata.org/wiki/Q7100,Biology
https://openalex.org/c13736549,Industrial engineering,industrial engineering,N,1,https://www.wikidata.org/wiki/Q4489420,Engineering
https://openalex.org/c27206212,Theology,theology,N,1,https://www.wikidata.org/wiki/Q34178,Philosophy
https://openalex.org/c29456083,Gynecology,gynecology,N,1,https://www.wikidata.org/wiki/Q1221899,Medicine
https://openalex.org/c41999313,Molecular physics,molecular physics,N,1,https://www.wikidata.org/wiki/Q489328,"Chemistry, Physics"
https://openalex.org/c24326235,Electronic engineering,electronic engineering,N,1,https://www.wikidata.org/wiki/Q126095,Engineering
https://openalex.org/c42219234,Anesthesia,anesthesia,N,1,https://www.wikidata.org/wiki/Q131130,Medicine
https://openalex.org/c43617362,Chromatography,chromatography,N,1,https://www.wikidata.org/wiki/Q170050,Chemistry
https://openalex.org/c49774154,Multimedia,multimedia,N,1,https://www.wikidata.org/wiki/Q131765,Computer science
https://openalex.org/c77088390,Database,database,N,1,https://www.wikidata.org/wiki/Q8513,Computer science
https://openalex.org/c61434518,General surgery,general surgery,N,1,https://www.wikidata.org/wiki/Q932510,Medicine
https://openalex.org/c126838900,Radiology,radiology,N,1,https://www.wikidata.org/wiki/Q77604,Medicine
https://openalex.org/c105639569,Economic policy,economic policy,N,1,https://www.wikidata.org/wiki/Q582577,"Business, Economics"
https://openalex.org/c108827166,Internet privacy,internet privacy,N,1,https://www.wikidata.org/wiki/Q175975,Computer science
https://openalex.org/c112698675,Advertising,advertising,N,1,https://www.wikidata.org/wiki/Q37038,Business
https://openalex.org/c195244886,Ancient history,ancient history,N,1,https://www.wikidata.org/wiki/Q41493,History
https://openalex.org/c204321447,Natural language processing,natural language processing,N,1,https://www.wikidata.org/wiki/Q30642,Computer science
https://openalex.org/c2522767166,Data science,data science,Y,1,https://www.wikidata.org/wiki/Q2374463,Computer science
https://openalex.org/c149635348,Embedded system,embedded system,N,1,https://www.wikidata.org/wiki/Q193040,"Computer science, Engineering"
https://openalex.org/c154945302,Artificial intelligence,artificial intelligence,N,1,https://www.wikidata.org/wiki/Q11660,Computer science
https://openalex.org/c97355855,Thermodynamics,thermodynamics,N,1,https://www.wikidata.org/wiki/Q11473,Physics
https://openalex.org/c185544564,Nuclear physics,nuclear physics,N,1,https://www.wikidata.org/wiki/Q81197,Physics
https://openalex.org/c187212893,Pediatrics,pediatrics,N,1,https://www.wikidata.org/wiki/Q123028,Medicine
https://openalex.org/c107826830,Environmental resource management,environmental resource management,Y,1,https://www.wikidata.org/wiki/Q929380,"Economics, Environmental science"
https://openalex.org/c524765639,Water resource management,water resource management,Y,1,https://www.wikidata.org/wiki/Q1501619,Environmental science
https://openalex.org/c138496976,Developmental psychology,developmental psychology,N,1,https://www.wikidata.org/wiki/Q175002,Psychology
https://openalex.org/c139719470,Macroeconomics,macroeconomics,N,1,https://www.wikidata.org/wiki/Q39680,Economics
https://openalex.org/c199289684,Mineralogy,mineralogy,N,1,https://www.wikidata.org/wiki/Q83353,"Chemistry, Geology"
https://openalex.org/c505870484,Fishery,fishery,Y,1,https://www.wikidata.org/wiki/Q180538,Biology
https://openalex.org/c556758197,Monetary economics,monetary economics,N,1,https://www.wikidata.org/wiki/Q580018,Economics
https://openalex.org/c70410870,Clinical psychology,clinical psychology,N,1,https://www.wikidata.org/wiki/Q199906,"Medicine, Psychology"
https://openalex.org/c70721500,Computational biology,computational biology,Y,1,https://www.wikidata.org/wiki/Q177005,Biology
https://openalex.org/c78458016,Evolutionary biology,evolutionary biology,Y,1,https://www.wikidata.org/wiki/Q840400,Biology
https://openalex.org/c79403827,Real-time computing,real time computing,N,1,https://www.wikidata.org/wiki/Q3988,Computer science
https://openalex.org/c105702510,Anatomy,anatomy,N,1,https://www.wikidata.org/wiki/Q514,"Biology, Medicine"
https://openalex.org/c105795698,Statistics,statistics,Y,1,https://www.wikidata.org/wiki/Q12483,Mathematics
https://openalex.org/c120314980,Distributed computing,distributed computing,N,1,https://www.wikidata.org/wiki/Q180634,Computer science
https://openalex.org/c120665830,Optics,optics,N,1,https://www.wikidata.org/wiki/Q14620,Physics
https://openalex.org/c177322064,Radiochemistry,radiochemistry,N,1,https://www.wikidata.org/wiki/Q750955,Chemistry
https://openalex.org/c177713679,Intensive care medicine,intensive care medicine,N,1,https://www.wikidata.org/wiki/Q679690,Medicine
https://openalex.org/c548259974,Audiology,audiology,N,1,https://www.wikidata.org/wiki/Q569965,Medicine
https://openalex.org/c49204034,Climatology,climatology,N,1,https://www.wikidata.org/wiki/Q52139,Geology
https://openalex.org/c114793014,Geomorphology,geomorphology,Y,1,https://www.wikidata.org/wiki/Q52109,Geology
https://openalex.org/c147789679,Physical chemistry,physical chemistry,N,1,https://www.wikidata.org/wiki/Q11372,Chemistry
https://openalex.org/c167562979,Classical economics,classical economics,N,1,https://www.wikidata.org/wiki/Q271857,Economics
https://openalex.org/c175444787,Microeconomics,microeconomics,N,1,https://www.wikidata.org/wiki/Q39072,Economics
https://openalex.org/c178790620,Organic chemistry,organic chemistry,N,1,https://www.wikidata.org/wiki/Q11351,Chemistry
https://openalex.org/c188147891,Cognitive science,cognitive science,N,1,https://www.wikidata.org/wiki/Q147638,Psychology
https://openalex.org/c2989005,Nuclear medicine,nuclear medicine,N,1,https://www.wikidata.org/wiki/Q214963,Medicine
https://openalex.org/c9390403,Computer hardware,computer hardware,N,1,https://www.wikidata.org/wiki/Q3966,Computer science
https://openalex.org/c91586092,Atmospheric sciences,atmospheric sciences,N,1,https://www.wikidata.org/wiki/Q757520,"Geology, Physics"
https://openalex.org/c115903868,Software engineering,software engineering,N,1,https://www.wikidata.org/wiki/Q80993,"Computer science, Engineering"
https://openalex.org/c134018914,Endocrinology,endocrinology,N,1,https://www.wikidata.org/wiki/Q162606,"Biology, Medicine"
https://openalex.org/c194828623,Emergency medicine,emergency medicine,N,1,https://www.wikidata.org/wiki/Q2861470,Medicine
https://openalex.org/c199639397,Engineering drawing,engineering drawing,N,1,https://www.wikidata.org/wiki/Q1788588,Engineering
https://openalex.org/c5900021,Petrology,petrology,N,1,https://www.wikidata.org/wiki/Q163082,Geology
https://openalex.org/c21547014,Operations management,operations management,Y,1,https://www.wikidata.org/wiki/Q1423657,"Economics, Engineering"
https://openalex.org/c22212356,Transport engineering,transport engineering,N,1,https://www.wikidata.org/wiki/Q775325,Engineering
https://openalex.org/c31903555,Food science,food science,N,1,https://www.wikidata.org/wiki/Q1637030,"Biology, Chemistry"
https://openalex.org/c33070731,Toxicology,toxicology,N,1,https://www.wikidata.org/wiki/Q7218,Biology
https://openalex.org/c74916050,Classics,classics,N,1,https://www.wikidata.org/wiki/Q841090,"Art, History"
https://openalex.org/c94375191,Arithmetic,arithmetic,N,1,https://www.wikidata.org/wiki/Q11205,Mathematics
https://openalex.org/c119767625,Optometry,optometry,N,1,https://www.wikidata.org/wiki/Q618211,Medicine
https://openalex.org/c133731056,Control engineering,control engineering,N,1,https://www.wikidata.org/wiki/Q4917288,Engineering
https://openalex.org/c144237770,Mathematical economics,mathematical economics,N,1,https://www.wikidata.org/wiki/Q747534,"Economics, Mathematics"
https://openalex.org/c170154142,Architectural engineering,architectural engineering,N,1,https://www.wikidata.org/wiki/Q150737,Engineering
https://openalex.org/c8058405,Geophysics,geophysics,N,1,https://www.wikidata.org/wiki/Q46255,"Geology, Physics"
https://openalex.org/c24667770,Religious studies,religious studies,N,1,https://www.wikidata.org/wiki/Q34187,Philosophy
https://openalex.org/c46312422,Communication,communication,N,1,https://www.wikidata.org/wiki/Q11024,"Psychology, Sociology"
https://openalex.org/c49040817,Optoelectronics,optoelectronics,N,1,https://www.wikidata.org/wiki/Q193091,"Materials science, Physics"
https://openalex.org/c87717796,Environmental engineering,environmental engineering,Y,1,https://www.wikidata.org/wiki/Q146326,"Engineering, Environmental science"
https://openalex.org/c88463610,Agricultural engineering,agricultural engineering,Y,1,https://www.wikidata.org/wiki/Q194118,Engineering
https://openalex.org/c111472728,Epistemology,epistemology,N,1,https://www.wikidata.org/wiki/Q9471,Philosophy
https://openalex.org/c95444343,Cell biology,cell biology,N,1,https://www.wikidata.org/wiki/Q7141,Biology
https://openalex.org/c145236788,Labour economics,labour economics,N,1,https://www.wikidata.org/wiki/Q28161,Economics
https://openalex.org/c180747234,Cognitive psychology,cognitive psychology,N,1,https://www.wikidata.org/wiki/Q23373,Psychology
https://openalex.org/c13280743,Geodesy,geodesy,N,1,https://www.wikidata.org/wiki/Q131089,"Geography, Geology"
https://openalex.org/c18903297,Ecology,ecology,Y,1,https://www.wikidata.org/wiki/Q7150,Biology
https://openalex.org/c24890656,Acoustics,acoustics,N,1,https://www.wikidata.org/wiki/Q82811,Physics
https://openalex.org/c62649853,Remote sensing,remote sensing,Y,1,https://www.wikidata.org/wiki/Q199687,"Geography, Geology"
https://openalex.org/c118552586,Psychiatry,psychiatry,N,1,https://www.wikidata.org/wiki/Q7867,"Medicine, Psychology"
https://openalex.org/c126255220,Mathematical optimization,mathematical optimization,Y,1,https://www.wikidata.org/wiki/Q141495,Mathematics
https://openalex.org/c131872663,Obstetrics,obstetrics,N,1,https://www.wikidata.org/wiki/Q5284418,Medicine
https://openalex.org/c153294291,Meteorology,meteorology,N,1,https://www.wikidata.org/wiki/Q25261,"Geography, Physics"
https://openalex.org/c87355193,Astrobiology,astrobiology,N,1,https://www.wikidata.org/wiki/Q411,"Biology, Physics"
https://openalex.org/c144027150,Horticulture,horticulture,N,1,https://www.wikidata.org/wiki/Q48803,Biology
https://openalex.org/c526734887,Environmental protection,environmental protection,Y,1,https://www.wikidata.org/wiki/Q832237,"Environmental science, Geography"
https://openalex.org/c556039675,Traditional medicine,traditional medicine,N,1,https://www.wikidata.org/wiki/Q771035,Medicine
https://openalex.org/c6557445,Agronomy,agronomy,Y,1,https://www.wikidata.org/wiki/Q173113,Biology
https://openalex.org/c15708023,Humanities,humanities,N,1,https://www.wikidata.org/wiki/Q80083,"Art, Philosophy"
https://openalex.org/c66938386,Structural engineering,structural engineering,N,1,https://www.wikidata.org/wiki/Q633538,Engineering
https://openalex.org/c80444323,Theoretical computer science,theoretical computer science,N,1,https://www.wikidata.org/wiki/Q2878974,Computer science
https://openalex.org/c90856448,Zoology,zoology,N,1,https://www.wikidata.org/wiki/Q431,Biology
https://openalex.org/c116915560,Nuclear engineering,nuclear engineering,N,1,https://www.wikidata.org/wiki/Q83504,Engineering
https://openalex.org/c118524514,Computer architecture,computer architecture,N,1,https://www.wikidata.org/wiki/Q173212,Computer science
https://openalex.org/c121684516,Computer graphics (images),computer graphics images,N,1,https://www.wikidata.org/wiki/Q7600677,Computer science
https://openalex.org/c136229726,Biomedical engineering,biomedical engineering,N,1,https://www.wikidata.org/wiki/Q327092,"Engineering, Medicine"
https://openalex.org/c175605778,Natural resource economics,natural resource economics,Y,1,https://www.wikidata.org/wiki/Q3299701,Economics
https://openalex.org/c528095902,Pulp and paper industry,pulp and paper industry,N,1,https://www.wikidata.org/wiki/Q2283886,Engineering
https://openalex.org/c542102704,Psychotherapist,psychotherapist,N,1,https://www.wikidata.org/wiki/Q183257,Psychology
https://openalex.org/c1276947,Astronomy,astronomy,N,1,https://www.wikidata.org/wiki/Q333,Physics
https://openalex.org/c2549261,Ethnology,ethnology,N,1,https://www.wikidata.org/wiki/Q43455,"History, Sociology"
https://openalex.org/c36289849,Social science,social science,N,1,https://www.wikidata.org/wiki/Q34749,Sociology
https://openalex.org/c45355965,Socioeconomics,socioeconomics,N,1,https://www.wikidata.org/wiki/Q1643441,"Economics, Sociology"
https://openalex.org/c75630572,Applied psychology,applied psychology,N,1,https://www.wikidata.org/wiki/Q538904,Psychology
https://openalex.org/c138921699,Political economy,political economy,N,1,https://www.wikidata.org/wiki/Q47555,"Economics, Sociology"
https://openalex.org/c147176958,Civil engineering,civil engineering,Y,1,https://www.wikidata.org/wiki/Q77590,Engineering
https://openalex.org/c539667460,Management science,management science,Y,1,https://www.wikidata.org/wiki/Q2414942,"Economics, Engineering"
https://openalex.org/c1862650,Physical therapy,physical therapy,N,1,https://www.wikidata.org/wiki/Q186005,Medicine
https://openalex.org/c30475298,Computational physics,computational physics,N,1,https://www.wikidata.org/wiki/Q909554,Physics
https://openalex.org/c50522688,Economic growth,economic growth,N,1,https://www.wikidata.org/wiki/Q189833,Economics
https://openalex.org/c54286561,Agroforestry,agroforestry,N,1,https://www.wikidata.org/wiki/Q397350,"Biology, Environmental science"
https://openalex.org/c73283319,Financial system,financial system,N,1,https://www.wikidata.org/wiki/Q1416617,"Business, Economics"
https://openalex.org/c110354214,Engineering management,engineering management,Y,1,https://www.wikidata.org/wiki/Q6314146,Engineering
https://openalex.org/c133425853,Neoclassical economics,neoclassical economics,N,1,https://www.wikidata.org/wiki/Q60571,Economics
https://openalex.org/c159110408,Nursing,nursing,N,1,https://www.wikidata.org/wiki/Q121176,Medicine
https://openalex.org/c159467904,Chemical physics,chemical physics,N,1,https://www.wikidata.org/wiki/Q2001702,"Chemistry, Physics"
https://openalex.org/c190253527,Law and economics,law and economics,N,1,https://www.wikidata.org/wiki/Q295354,"Economics, Sociology"
https://openalex.org/c199539241,Law,law,Y,1,https://www.wikidata.org/wiki/Q7748,Political science
https://openalex.org/c8010536,Crystallography,crystallography,N,1,https://www.wikidata.org/wiki/Q160398,Chemistry
https://openalex.org/c77595967,Forensic engineering,forensic engineering,N,1,https://www.wikidata.org/wiki/Q3151013,Engineering
https://openalex.org/c136264566,Economy,economy,Y,1,https://www.wikidata.org/wiki/Q159810,Economics
https://openalex.org/c153349607,Visual arts,visual arts,N,1,https://www.wikidata.org/wiki/Q36649,Art
https://openalex.org/c159390177,Soil science,soil science,N,1,https://www.wikidata.org/wiki/Q9161265,"Environmental science, Geology"
https://openalex.org/c161191863,Library science,library science,N,1,https://www.wikidata.org/wiki/Q199655,Computer science
https://openalex.org/c162853370,Marketing,marketing,N,1,https://www.wikidata.org/wiki/Q39809,Business
https://openalex.org/c165556158,Keynesian economics,keynesian economics,N,1,https://www.wikidata.org/wiki/Q83937,Economics
https://openalex.org/c179104552,Inorganic chemistry,inorganic chemistry,N,1,https://www.wikidata.org/wiki/Q11165,Chemistry
https://openalex.org/c188027245,Polymer chemistry,polymer chemistry,N,1,https://www.wikidata.org/wiki/Q750446,"Chemistry, Materials science"
https://openalex.org/c97137747,Forestry,forestry,N,1,https://www.wikidata.org/wiki/Q38112,Geography
https://openalex.org/c100970517,Physical geography,physical geography,Y,1,https://www.wikidata.org/wiki/Q52107,Geography
https://openalex.org/c118487528,Ophthalmology,ophthalmology,N,1,https://www.wikidata.org/wiki/Q161437,Medicine
https://openalex.org/c148383697,Regional science,regional science,Y,1,https://www.wikidata.org/wiki/Q1781695,"Geography, Sociology"
https://openalex.org/c151730666,Paleontology,paleontology,N,1,https://www.wikidata.org/wiki/Q7205,"Biology, Geology"
https://openalex.org/c40700,Industrial organization,industrial organization,N,1,https://www.wikidata.org/wiki/Q1411783,"Business, Economics"
https://openalex.org/c4249254,Demographic economics,demographic economics,N,1,https://www.wikidata.org/wiki/Q3044431,Economics
https://openalex.org/c16674752,Mining engineering,mining engineering,N,1,https://www.wikidata.org/wiki/Q1370637,"Engineering, Geology"
https://openalex.org/c21951064,Combinatorial chemistry,combinatorial chemistry,N,1,https://www.wikidata.org/wiki/Q899212,Chemistry
https://openalex.org/c44154836,Simulation,simulation,N,1,https://www.wikidata.org/wiki/Q45045,"Computer science, Engineering"
https://openalex.org/c48824518,Agricultural economics,agricultural economics,N,1,https://www.wikidata.org/wiki/Q396340,Economics
https://openalex.org/c76155785,Telecommunications,telecommunications,N,1,https://www.wikidata.org/wiki/Q418,"Computer science, Engineering"
https://openalex.org/c111919701,Operating system,operating system,N,1,https://www.wikidata.org/wiki/Q9135,Computer science
https://openalex.org/c118615104,Discrete mathematics,discrete mathematics,N,1,https://www.wikidata.org/wiki/Q121416,Mathematics
https://openalex.org/c136764020,World Wide Web,world wide web,N,1,https://www.wikidata.org/wiki/Q466,Computer science
https://openalex.org/c145420912,Mathematics education,mathematics education,N,1,https://www.wikidata.org/wiki/Q853077,"Mathematics, Psychology"
https://openalex.org/c150903083,Biotechnology,biotechnology,N,1,https://www.wikidata.org/wiki/Q7108,Biology
https://openalex.org/c173608175,Parallel computing,parallel computing,N,1,https://www.wikidata.org/wiki/Q232661,Computer science
https://openalex.org/c178550888,Business administration,business administration,N,1,https://www.wikidata.org/wiki/Q2043282,Business
https://openalex.org/c184779094,Atomic physics,atomic physics,N,1,https://www.wikidata.org/wiki/Q26383,Physics
https://openalex.org/c187736073,Management,management,Y,1,https://www.wikidata.org/wiki/Q2920921,Economics
https://openalex.org/c201995342,Systems engineering,systems engineering,Y,1,https://www.wikidata.org/wiki/Q682496,Engineering
https://openalex.org/c548081761,Waste management,waste management,N,1,https://www.wikidata.org/wiki/Q180388,Engineering
https://openalex.org/c10138342,Finance,finance,N,1,https://www.wikidata.org/wiki/Q43015,"Business, Economics"
https://openalex.org/c58640448,Cartography,cartography,N,1,https://www.wikidata.org/wiki/Q42515,Geography
https://openalex.org/c459310,Computational science,computational science,Y,1,https://www.wikidata.org/wiki/Q117801,"Computer science, Mathematics"
https://openalex.org/c74363100,Economic system,economic system,N,1,https://www.wikidata.org/wiki/Q273005,Economics
https://openalex.org/c107993555,Gender studies,gender studies,N,1,https://www.wikidata.org/wiki/Q1662673,Sociology
https://openalex.org/c117671659,Manufacturing engineering,manufacturing engineering,N,1,https://www.wikidata.org/wiki/Q11049265,Engineering
https://openalex.org/c16005928,Dermatology,dermatology,N,1,https://www.wikidata.org/wiki/Q171171,Medicine
https://openalex.org/c23123220,Information retrieval,information retrieval,N,1,https://www.wikidata.org/wiki/Q816826,Computer science
https://openalex.org/c38652104,Computer security,computer security,N,1,https://www.wikidata.org/wiki/Q3510521,Computer science
https://openalex.org/c55493867,Biochemistry,biochemistry,N,1,https://www.wikidata.org/wiki/Q7094,"Biology, Chemistry"
https://openalex.org/c56739046,Knowledge management,knowledge management,N,1,https://www.wikidata.org/wiki/Q192060,Computer science
https://openalex.org/c57879066,Mechanics,mechanics,N,1,https://www.wikidata.org/wiki/Q41217,Physics
https://openalex.org/c202444582,Pure mathematics,pure mathematics,N,1,https://www.wikidata.org/wiki/Q837863,Mathematics
https://openalex.org/c502942594,Cancer research,cancer research,N,1,https://www.wikidata.org/wiki/Q3421914,"Biology, Medicine"
https://openalex.org/c98274493,Pharmacology,pharmacology,N,1,https://www.wikidata.org/wiki/Q128406,"Biology, Medicine"
https://openalex.org/c106159729,Financial economics,financial economics,N,1,https://www.wikidata.org/wiki/Q2294553,Economics
https://openalex.org/c140793950,Animal science,animal science,Y,1,https://www.wikidata.org/wiki/Q168091,Biology
https://openalex.org/c11171543,Psychoanalysis,psychoanalysis,N,1,https://www.wikidata.org/wiki/Q41630,Psychology
https://openalex.org/c13965031,Nuclear chemistry,nuclear chemistry,N,1,https://www.wikidata.org/wiki/Q243545,Chemistry
https://openalex.org/c18547055,International economics,international economics,N,1,https://www.wikidata.org/wiki/Q47417,Economics
https://openalex.org/c31972630,Computer vision,computer vision,N,1,https://www.wikidata.org/wiki/Q844240,Computer science
https://openalex.org/c59822182,Botany,botany,Y,1,https://www.wikidata.org/wiki/Q441,Biology
https://openalex.org/c62520636,Quantum mechanics,quantum mechanics,N,1,https://www.wikidata.org/wiki/Q944,Physics
https://openalex.org/c99508421,Physical medicine and rehabilitation,physical medicine and rehabilitation,N,1,https://www.wikidata.org/wiki/Q2678675,Medicine
https://openalex.org/c124101348,Data mining,data mining,Y,1,https://www.wikidata.org/wiki/Q172491,Computer science
https://openalex.org/c149782125,Econometrics,econometrics,N,1,https://www.wikidata.org/wiki/Q160039,"Economics, Mathematics"
https://openalex.org/c159985019,Composite material,composite material,N,1,https://www.wikidata.org/wiki/Q181790,Materials science
https://openalex.org/c549774020,Welfare economics,welfare economics,N,1,https://www.wikidata.org/wiki/Q851147,Economics
https://openalex.org/c16685009,Andrology,andrology,N,1,https://www.wikidata.org/wiki/Q335057,Medicine
https://openalex.org/c28490314,Speech recognition,speech recognition,N,1,https://www.wikidata.org/wiki/Q189436,Computer science
https://openalex.org/c37621935,Agricultural science,agricultural science,Y,1,https://www.wikidata.org/wiki/Q3606845,"Biology, Environmental science"
https://openalex.org/c42475967,Operations research,operations research,Y,1,https://www.wikidata.org/wiki/Q194292,"Engineering, Mathematics"
https://openalex.org/c53553401,Genealogy,genealogy,N,1,https://www.wikidata.org/wiki/Q47307,History
https://openalex.org/c90924648,Gastroenterology,gastroenterology,N,1,https://www.wikidata.org/wiki/Q120569,Medicine
https://openalex.org/c121955636,Accounting,accounting,N,1,https://www.wikidata.org/wiki/Q4116214,"Business, Economics"
https://openalex.org/c124952713,Literature,literature,N,1,https://www.wikidata.org/wiki/Q8242,Art
https://openalex.org/c171250308,Nanotechnology,nanotechnology,N,1,https://www.wikidata.org/wiki/Q11468,Materials science
https://openalex.org/c199104240,Marine engineering,marine engineering,N,1,https://www.wikidata.org/wiki/Q118291,Engineering
https://openalex.org/c200601418,Reliability engineering,reliability engineering,N,1,https://www.wikidata.org/wiki/Q2193887,Engineering
https://openalex.org/c37914503,Mathematical physics,mathematical physics,N,1,https://www.wikidata.org/wiki/Q156495,"Mathematics, Physics"
https://openalex.org/c71240020,Stereochemistry,stereochemistry,N,1,https://www.wikidata.org/wiki/Q186011,Chemistry
https://openalex.org/c74650414,Classical mechanics,classical mechanics,N,1,https://www.wikidata.org/wiki/Q11397,Physics
https://openalex.org/c113775141,Computer engineering,computer engineering,N,1,https://www.wikidata.org/wiki/Q428691,"Computer science, Engineering"
https://openalex.org/c199360897,Programming language,programming language,N,1,https://www.wikidata.org/wiki/Q9143,Computer science
https://openalex.org/c3116431,Public administration,public administration,N,1,https://www.wikidata.org/wiki/Q31728,Political science
https://openalex.org/c42972112,Veterinary medicine,veterinary medicine,N,1,https://www.wikidata.org/wiki/Q170201,Medicine
https://openalex.org/c44870925,Astrophysics,astrophysics,N,1,https://www.wikidata.org/wiki/Q37547,Physics
https://openalex.org/c89423630,Microbiology,microbiology,N,1,https://www.wikidata.org/wiki/Q7193,Biology
https://openalex.org/c100001284,Public economics,public economics,N,1,https://www.wikidata.org/wiki/Q2248246,Economics
https://openalex.org/c107457646,Human‚Äìcomputer interaction,human computer interaction,N,1,https://www.wikidata.org/wiki/Q207434,Computer science
https://openalex.org/c155647269,Medicinal chemistry,medicinal chemistry,N,1,https://www.wikidata.org/wiki/Q243455,Chemistry
https://openalex.org/c191897082,Metallurgy,metallurgy,N,1,https://www.wikidata.org/wiki/Q11467,Materials science
https://openalex.org/c509550671,Medical education,medical education,N,1,https://www.wikidata.org/wiki/Q126945,Medicine
https://openalex.org/c19527891,Medical physics,medical physics,N,1,https://www.wikidata.org/wiki/Q1120908,"Medicine, Physics"
https://openalex.org/c31258907,Computer network,computer network,N,1,https://www.wikidata.org/wiki/Q1301371,Computer science
https://openalex.org/c34447519,Market economy,market economy,N,1,https://www.wikidata.org/wiki/Q179522,Economics
https://openalex.org/c39549134,Public relations,public relations,N,1,https://www.wikidata.org/wiki/Q133080,Political science
https://openalex.org/c42407357,Physiology,physiology,N,1,https://www.wikidata.org/wiki/Q521,"Biology, Medicine"
https://openalex.org/c55587333,Engineering ethics,engineering ethics,N,1,https://www.wikidata.org/wiki/Q1133029,Engineering
https://openalex.org/c78762247,Petroleum engineering,petroleum engineering,N,1,https://www.wikidata.org/wiki/Q1273174,"Engineering, Geology"
https://openalex.org/c118084267,Positive economics,positive economics,N,1,https://www.wikidata.org/wiki/Q26110,Economics
https://openalex.org/c141071460,Surgery,surgery,N,1,https://www.wikidata.org/wiki/Q40821,Medicine
https://openalex.org/c149923435,Demography,demography,N,1,https://www.wikidata.org/wiki/Q37732,Sociology
https://openalex.org/c178802073,Aeronautics,aeronautics,N,1,https://www.wikidata.org/wiki/Q8421,Engineering
https://openalex.org/c199343813,Dentistry,dentistry,N,1,https://www.wikidata.org/wiki/Q12128,Medicine
https://openalex.org/c119857082,Machine learning,machine learning,Y,1,https://www.wikidata.org/wiki/Q2539,Computer science
https://openalex.org/c42360764,Chemical engineering,chemical engineering,N,1,https://www.wikidata.org/wiki/Q83588,Engineering
https://openalex.org/c60644358,Bioinformatics,bioinformatics,N,1,https://www.wikidata.org/wiki/Q128570,Biology
https://openalex.org/c77805123,Social psychology,social psychology,N,1,https://www.wikidata.org/wiki/Q161272,Psychology
https://openalex.org/c99454951,Environmental health,environmental health,Y,1,https://www.wikidata.org/wiki/Q932068,Medicine
https://openalex.org/c545542383,Medical emergency,medical emergency,N,1,https://www.wikidata.org/wiki/Q2751242,Medicine
https://openalex.org/c21880701,Process engineering,process engineering,N,1,https://www.wikidata.org/wiki/Q2144042,Engineering
https://openalex.org/c26873012,Condensed matter physics,condensed matter physics,N,1,https://www.wikidata.org/wiki/Q214781,Physics
https://openalex.org/c75473681,Photochemistry,photochemistry,N,1,https://www.wikidata.org/wiki/Q188651,Chemistry
https://openalex.org/c107038049,Aesthetics,aesthetics,N,1,https://www.wikidata.org/wiki/Q35986,"Art, Philosophy"
https://openalex.org/c111368507,Oceanography,oceanography,Y,1,https://www.wikidata.org/wiki/Q43518,Geology
https://openalex.org/c126894567,Urology,urology,N,1,https://www.wikidata.org/wiki/Q105650,Medicine
https://openalex.org/c142724271,Pathology,pathology,N,1,https://www.wikidata.org/wiki/Q7208,Medicine
https://openalex.org/c155202549,International trade,international trade,N,1,https://www.wikidata.org/wiki/Q178803,"Business, Economics"
https://openalex.org/c186060115,Biological system,biological system,Y,1,https://www.wikidata.org/wiki/Q30336093,Biology
https://openalex.org/c187320778,Geotechnical engineering,geotechnical engineering,N,1,https://www.wikidata.org/wiki/Q1349130,"Engineering, Geology"
https://openalex.org/c203014093,Immunology,immunology,N,1,https://www.wikidata.org/wiki/Q101929,"Biology, Medicine"
https://openalex.org/c28826006,Applied mathematics,applied mathematics,Y,1,https://www.wikidata.org/wiki/Q33521,Mathematics
https://openalex.org/c95124753,Environmental ethics,environmental ethics,Y,1,https://www.wikidata.org/wiki/Q875686,Philosophy
https://openalex.org/c114614502,Combinatorics,combinatorics,N,1,https://www.wikidata.org/wiki/Q76592,Mathematics
https://openalex.org/c119599485,Electrical engineering,electrical engineering,N,1,https://www.wikidata.org/wiki/Q43035,Engineering
https://openalex.org/c134306372,Mathematical analysis,mathematical analysis,N,1,https://www.wikidata.org/wiki/Q7754,Mathematics
https://openalex.org/c134560507,Environmental economics,environmental economics,Y,1,https://www.wikidata.org/wiki/Q753291,Economics
https://openalex.org/c143998085,Oncology,oncology,N,1,https://www.wikidata.org/wiki/Q162555,Medicine
https://openalex.org/c159047783,Virology,virology,N,1,https://www.wikidata.org/wiki/Q7215,"Biology, Medicine"
https://openalex.org/c1965285,Earth science,earth science,Y,1,https://www.wikidata.org/wiki/Q8008,Geology
https://openalex.org/c17409809,Geochemistry,geochemistry,Y,1,https://www.wikidata.org/wiki/Q161764,Geology
https://openalex.org/c52119013,Art history,art history,N,1,https://www.wikidata.org/wiki/Q50637,"Art, History"
https://openalex.org/c54750564,Commerce,commerce,N,1,https://www.wikidata.org/wiki/Q26643,"Business, Economics"
https://openalex.org/c91375879,Environmental planning,environmental planning,Y,1,https://www.wikidata.org/wiki/Q15473274,"Environmental science, Geography"
https://openalex.org/c107872376,Environmental chemistry,environmental chemistry,N,1,https://www.wikidata.org/wiki/Q321355,Chemistry
https://openalex.org/c109214941,Particle physics,particle physics,N,1,https://www.wikidata.org/wiki/Q18334,Physics
https://openalex.org/c146978453,Aerospace engineering,aerospace engineering,N,1,https://www.wikidata.org/wiki/Q3798668,Engineering
https://openalex.org/c153911025,Molecular biology,molecular biology,N,1,https://www.wikidata.org/wiki/Q7202,Biology
https://openalex.org/c183696295,Biochemical engineering,biochemical engineering,N,1,https://www.wikidata.org/wiki/Q2487696,Engineering
